subject,predicate,object,sentence
Beirut,have,population,"As of 2025, Greater Beirut has a population of 2.4 million, just under half of Lebanon's population,[5] which makes it the twelfth-largest city in the Levant region and the sixteenth-largest in the Arab world."
structure,undergo,Etymology,"Its architectural and demographic structure underwent major change in recent decades.[7][8][9][10]
Etymology
[edit]The English name Beirut is an early transcription of the Arabic name Bayrūt (بيروت)."
Greeks,hellenise,name,"Biruta was also mentioned in the Amarna letters from King Rib-Hadda of Byblos.[17]
The Greeks hellenised the name as Bērytós (Ancient Greek: Βηρυτός), which the Romans latinised as Berytus.[a]"
Romans,latinise,which,"Biruta was also mentioned in the Amarna letters from King Rib-Hadda of Byblos.[17]
The Greeks hellenised the name as Bērytós (Ancient Greek: Βηρυτός), which the Romans latinised as Berytus.[a]"
it,attain,status,"When it attained the status of a Roman colony, it was notionally refounded and its official name was emended to Colonia Iulia Augusta Felix Berytus to include its imperial sponsors."
that,separate,it,"History
[edit]The earliest settlement of Beirut was on an island in the Beirut River, but the channel that separated it from the banks silted up and the island ceased to be."
Excavations,unearth,Prehistory,"Excavations in the downtown area have unearthed layers of Phoenician, Hellenistic, Roman, Byzantine, Arab, Crusader, Persian and Ottoman remains.[19]
Prehistory
[edit]Beirut was settled over 5,000 years ago,[20] and there is evidence that the surrounding area had already been inhabited for tens of thousands of years prior to this."
Gigues,discover,industry,"The flint industry from the site was described as Mousterian and is held by the Museum of Fine Arts of Lyon.[24]
Beirut II (Umm el-Khatib) was suggested by Burkhalter to have been south of Tarik el Jedideh, where P.E. Gigues discovered a Copper Age flint industry at around 100 metres (328 feet) above sea level."
Gigues,discover,series,P. E. Gigues discovered a series of Neolithic flint tools on the surface along with the remains of a structure suggested to be a hut circle.
Bergy,discuss,axes,"Auguste Bergy discussed polished axes that were also found at this site, which has now completely disappeared as a result of construction and urbanisation of the area.[25]
Beirut IV (Furn esh-Shebbak, river banks) was also on the left bank of the river and on either side of the road leading eastwards from the Furn esh Shebbak police station towards the river that marked the city limits."
that,mark,limits,"Auguste Bergy discussed polished axes that were also found at this site, which has now completely disappeared as a result of construction and urbanisation of the area.[25]
Beirut IV (Furn esh-Shebbak, river banks) was also on the left bank of the river and on either side of the road leading eastwards from the Furn esh Shebbak police station towards the river that marked the city limits."
They,include,bifaces,"They included around 50 varied bifaces accredited to the Acheulean period, some with a lustrous sheen, now held at the Museum of Lebanese Prehistory."
Fleisch,find,point,"Henri Fleisch also found an Emireh point amongst material from the site, which has now disappeared beneath buildings."
reports,dismiss,claims,"Two later reports by an international committee of archaeologists appointed by Layoun, including Hanz Curver, and an expert report by Ralph Pederson, a member of the institute of Nautical Archaeology and now teaching in Marburg, Germany, dismissed the claims that the trenches were a port, on various criteria."
issue,raise,emotions,"The exact function of site BEY194 may never be known, and the issue raised heated emotions and led to increased coverage on the subject of Lebanese heritage in the press.[31][32][33]
Hellenistic period
[edit]In 140 BC, the Phoenician city was destroyed by Diodotus Tryphon during his conflict with Antiochus VII Sidetes for the throne of the Hellenistic Seleucid monarchy."
Beirut,overlie,one,"Present-day Beirut overlies this ancient one, and little archaeology was carried out until after the civil war in 1991."
excavations,yield,insights,The salvage excavations after 1993 have yielded new insights into the layout and history of this period of Beirut's history.
coins,bear,head,"
Mid-1st-century coins from Berytus bear the head of Tyche, goddess of fortune;[35][b] on the reverse, the city's symbol appears: a dolphin entwines an anchor."
dolphin,entwine,anchor,"
Mid-1st-century coins from Berytus bear the head of Tyche, goddess of fortune;[35][b] on the reverse, the city's symbol appears: a dolphin entwines an anchor."
Empire,face,state,"After the Seleucid Empire faced a state of civil war and decline, King Tigranes the Great of the Kingdom of Armenia conquered Beirut and placed it under effective Armenian control."
Tigranes,conquer,Beirut,"After the Seleucid Empire faced a state of civil war and decline, King Tigranes the Great of the Kingdom of Armenia conquered Beirut and placed it under effective Armenian control."
Armenia,lose,holdings,"However, after the Battle of Tigranocerta, Armenia forever lost its holdings in Syria and Beirut was conquered by Roman general Pompey."
city,become,area,"As a result of this settlement, the city quickly became Romanised, and the city became the only mainly Latin-speaking area in the Syria-Phoenicia province.[39]"
Berytus,become,colony,"In 14 BC, during the reign of Herod the Great, Berytus became a colony, one of four in the Syria-Phoenicia region and the only one with full Italian rights (ius Italicum) exempting its citizens from imperial taxation."
Justinian,assemble,Pandects,"When Justinian assembled his Pandects in the 6th century, a large part of the corpus of laws was derived from these two jurists, and in AD 533 Justinian recognised the school as one of the three official law schools of the empire."
Justinian,recognise,school,"When Justinian assembled his Pandects in the 6th century, a large part of the corpus of laws was derived from these two jurists, and in AD 533 Justinian recognised the school as one of the three official law schools of the empire."
earthquake,reduce,cities,"The earthquake reduced cities along the coast to ruins and killed many, 30,000 in Berytus alone by some measurements.[44]"
excavations,yield,insights,"As a result, the students of the law school were transferred to Sidon.[45]
Salvage excavations since 1993 have yielded new insights in the layout and history of Roman Berytus."
architecture,include,complexes,"Public architecture included several bath complexes, Colonnaded Streets, a circus and theatre;[34] residential areas were excavated in the Garden of Forgiveness, Martyrs' Square and the Beirut Souks.[46"
John,grant,lordship,"John of Ibelin, known as the Old Lord of Beirut, was granted the lordship of the city in 1204."
He,rebuild,city,"He rebuilt the city after its destruction by the Ayyubids and also built the House of Ibelin palace in Beirut.[47]
In 1291 Beirut was captured and the Crusaders expelled by the Mamluk army of Sultan al-Ashraf Khalil."
Ottomans,conquer,Syria,"Ottoman rule
[edit]Under the Ottoman sultan Selim I (1512–1520), the Ottomans conquered Syria including present-day Lebanon."
One,fortify,it,"One of them, Fakhr-al-Din II, fortified it early in the 17th century, but the Ottomans reclaimed it in 1763.[49]"
Ottomans,reclaim,it,"One of them, Fakhr-al-Din II, fortified it early in the 17th century, but the Ottomans reclaimed it in 1763.[49]"
Beirut,break,monopoly,"With the help of Damascus, Beirut successfully broke Acre's monopoly on Syrian maritime trade and for a few years supplanted it as the main trading centre in the region."
Pasha,capture,Acre,"After Ibrahim Pasha of Egypt captured Acre in 1832,[50] Beirut began its revival."
Beirut,begin,revival,"After Ibrahim Pasha of Egypt captured Acre in 1832,[50] Beirut began its revival."
he,raise,mercenaries,"After the Albanian fighter Tafil Buzi was interned and then pardoned by the Ottoman administration for his constant uprisings, he raised 3,000 Albanian mercenaries to fight in Lebanon; some of them became notorious shortly afterwards for having been responsible for the widespread disorders in Beirut.[51]
By the second half of the nineteenth century, Beirut was developing close commercial and political ties with European imperial powers, particularly France."
Beirut,develop,ties,"After the Albanian fighter Tafil Buzi was interned and then pardoned by the Ottoman administration for his constant uprisings, he raised 3,000 Albanian mercenaries to fight in Lebanon; some of them became notorious shortly afterwards for having been responsible for the widespread disorders in Beirut.[51]
By the second half of the nineteenth century, Beirut was developing close commercial and political ties with European imperial powers, particularly France."
interests,transform,city,European interests in Lebanese silk and other export products transformed the city into a major port and commercial centre.[52]
groups,establish,empires,"This boom in cross-regional trade allowed certain groups, such as the Sursock family, to establish trade and manufacturing empires that further strengthened Beirut's position as a key partner in the interests of imperial dynasties."
that,strengthen,position,"This boom in cross-regional trade allowed certain groups, such as the Sursock family, to establish trade and manufacturing empires that further strengthened Beirut's position as a key partner in the interests of imperial dynasties."
Beirut,become,destination,Beirut became a destination for Maronite Christian refugees fleeing from the worst areas of the fighting on Mount Lebanon and in Damascus.[53]
This,alter,composition,"This in turn altered the religious composition of Beirut itself, sowing the seeds of future sectarian and religious troubles there and in greater Lebanon."
governor,authorise,establishment,"After petitions by the local bourgeois, the governor of Syria Vilayet Mehmed Rashid Pasha authorised the establishment of the Beirut Municipal Council,[55] the first municipality established in the Arab provinces of the Empire.[56]"
engineers,establish,harbour,"After French engineers established a modern harbour in 1894 and a rail link across Lebanon to Damascus and Aleppo in 1907, much of the trade was carried by French ships to Marseille."
influence,exceed,that,French influence in the area soon exceeded that of any other European power.
Britannica,report,population,"The 1911 Encyclopædia Britannica reported a population consisting of 36,000 Muslims, 77,000 Christians, 2,500 Jews, 400 Druze and 4,100 foreigners.[49]"
Husseini,say,era,"In his 2003 book entitled Beirut and its Seven Families, Yussef Bin Ahmad Bin Ali Al Husseini says:
The seven families of Beirut are the families who bonded among each other and made the famous historical agreement with the governor of the Syrian Coast in 1351 to protect and defend the city of Beirut and its shores, and chase the invaders and stop their progress towards it.
Modern era
[edit]Capital of Lebanon
[edit]After World War I and the collapse of the Ottoman Empire, Beirut, along with the rest of Lebanon, was placed under the French Mandate."
Beirut,become,center,"[61] As a result of integrating Bilad al-Sham into an increasingly Europe-centered world economy, Beirut became a significant center for education and culture.[62]"
Lebanon,achieve,independence,"Lebanon achieved independence in 1943, and Beirut became the capital city."
Beirut,become,city,"Lebanon achieved independence in 1943, and Beirut became the capital city."
troops,shell,quarter,"Syrian troops relentlessly shelled the eastern quarter of the city,[67] but Christian militias defeated multiple attempts by Syria's elite forces to capture the strategic area in a three-month campaign later known as the Hundred Days' War."
militias,defeat,attempts,"Syrian troops relentlessly shelled the eastern quarter of the city,[67] but Christian militias defeated multiple attempts by Syria's elite forces to capture the strategic area in a three-month campaign later known as the Hundred Days' War."
people,rebuild,Beirut,"Since the end of the war in 1990, the people of Lebanon have been rebuilding Beirut, whose urban agglomeration was mainly constituted during war time through an anarchic urban development[71] stretching along the littoral corridor and its nearby heights."
city,regain,status,"By the start of the 2006 Israel-Lebanon conflict the city had somewhat regained its status as a tourist, cultural and intellectual centre in the Middle East and as a centre for commerce, fashion, and media."
city,host,Championship,"The city has hosted both the Asian Club Basketball Championship and the Asian Football Cup, and has hosted the Miss Europe pageant nine times: 1960–1964, 1999, 2001–2002, and 2016."
countries,establish,relations,"The last Syrian troops withdrew from Beirut on 26 April 2005,[77] and the two countries established diplomatic relations on 15 October 2008.[78]
During the 2006 Lebanon War, Israeli bombardment caused damage in many parts of Beirut, especially the predominantly Shiite southern suburbs of Beirut."
bombardment,cause,damage,"The last Syrian troops withdrew from Beirut on 26 April 2005,[77] and the two countries established diplomatic relations on 15 October 2008.[78]
During the 2006 Lebanon War, Israeli bombardment caused damage in many parts of Beirut, especially the predominantly Shiite southern suburbs of Beirut."
IDF,target,outlets,"In response, the IDF targeted Hezbollah's main media outlets."
Israel,bomb,runways,Then on 13 July 2006 Israel began implementing a naval and air blockade over Lebanon; during this blockade Israel bombed the runways at Beirut International Airport and the major Beirut-Damascus highway in Eastern Lebanon.[79]
bomb,kill,people,"On 19 October 2012, a car bomb killed eight people in the Beirut's neighbourhood of Achrafiyeh, including Brigadier General Wissam al-Hassan, chief of the Intelligence Bureau of the Internal Security Forces."
bombers,detonate,explosives,"On 27 December 2013, a car bomb exploded in the Central District killing at least five people, including the former Lebanese ambassador to the U.S. Mohamad Chatah, and wounding 71 others.[84]
In the 12 November 2015 Beirut bombings, two suicide bombers detonated explosives outside a mosque and inside a bakery, killing 43 people and injuring 200."
State,claim,responsibility,"The Islamic State of Iraq and the Levant immediately claimed responsibility for the attacks.[85][86]
On 4 August 2020, a massive explosion in the Port of Beirut resulted in the death of at least 203 people (with an additional three missing)[87] and the wounding of more than 6,500."
Diab,announce,resignation.[91,"On 10 August 2020, as a result of the protests, Prime Minister Hassan Diab announced his resignation.[91]"
Governorate,occupy,kilometres,"The Beirut Governorate occupies 18 square kilometres (6.9 sq mi), and the city's metropolitan area 67 square kilometres (26 sq mi).[93]"
edit]Beirut,have,climate,"Climate
[edit]Beirut has a hot-summer Mediterranean climate (Köppen: Csa, bordering on As, Trewartha: Csal) characterised by mild days and nights, as its coastal location allows temperatures to be moderated by the sea."
edit]Lebanon,suffer,crisis,"[edit]Lebanon, especially Beirut and its suburbs, suffered a massive garbage crisis, mainly from July 2015 up to March 2016."
authorities,shut,site,The issue began when authorities shut down the main landfill site originally used for Beirut's garbage south-east of the city and failed to provide any alternative solutions for months.
Beirut,have,lack,"Moreover, Beirut has a lack of green areas with just two main public gardens (sanayeh and horch Beirut)."
roofs,cover,%,"In fact, concrete roofs cover 80% of the capital area.[97]
Quarters and sectors
[edit]Beirut is divided into 12 quarters (quartiers):[98]
- Achrafieh
- Dar Mreisse
- Bachoura
- Mazraa (with the neighbourhood Badaro)
- Medawar (with the neighbourhood Mar Mikhaël)
- Minet El Hosn
- Moussaitbeh (with Ramlet al-Baida)
- Port
- Ras Beirut
- Rmeil
- Saifi
- Zuqaq al-Blat
These quarters are divided into 59 sectors (secteurs).[99]"
which,include,Hippodrome,"Badaro is an edgy, bohemian style neighbourhood,[citation needed] within the green district of Beirut (secteur du parc) which also include the Beirut Hippodrome and the Beirut Pine Forest and the French ambassador's Pine Residence."
districts,include,Chiyah,"Southern suburban districts include Chiyah, Ghobeiry (Bir Hassan, Jnah and Ouzai are part of the Ghobeiry municipality), Haret Hreik, Burj al Barajneh, Laylake-Mreijeh, Hay al Sillum and Hadath."
suburbs,include,Hammoud,"Eastern suburbs include Burj Hammoud, Sin el Fil, Dekwane and Mkalles."
People,use,names,"Of the 15 unregistered or unofficial refugee camps, Sabra, which lies adjacent to Shatila, is also located in southern Beirut[101] and was the scene of a massacre during the civil war.[102]
People in Lebanon often use different names for the same geographic locations, and few people rely on official, government-provided street numbers."
Beirut,have,population,"East Beirut has a mainly Christian population with a small Muslim minority, whilst West Beirut has a Sunni Muslim majority with small minorities of Shia, Christians and Druze.[citation needed]"
Beirut,have,majority,"East Beirut has a mainly Christian population with a small Muslim minority, whilst West Beirut has a Sunni Muslim majority with small minorities of Shia, Christians and Druze.[citation needed]"
Christians,comprise,1%.[citation,"Christians comprise 35% of Beirut's population, Muslims 63%, Druze 1%, and others 1%.[citation needed]"
edit]Lebanon,hold,survey,"
Languages
[edit]Lebanon does not hold a census survey; researchers at the American University of Beirut have found that trilingualism - between Lebanese Arabic, French and English - is common and normal among Beirut residents.[112]"
minorities,speak,District,"Some minorities in Beirut also speak Armenian, Aramaic, and Amharic.[112]
Beirut Central District
[edit]The Beirut Central District (BCD) or Centre Ville is the name given to Beirut's historical and geographical core by ""Solidere"", the ""vibrant financial, commercial, and administrative hub of the country"".[113]"
District,undergo,plan,"Due to the devastation incurred on the city centre from the Lebanese Civil War, the Beirut Central District underwent a thorough reconstruction and development plan that gave it back its cultural and economic position in the region."
that,give,position,"Due to the devastation incurred on the city centre from the Lebanese Civil War, the Beirut Central District underwent a thorough reconstruction and development plan that gave it back its cultural and economic position in the region."
District,contain,gardens,"The Beirut Central District contains over 60 gardens, squares and open spaces."
spaces,comprise,streets,"These spaces comprise landscaped streets, gardens, historical squares, pedestrian areas and sea promenades thus totalling to an area of 96 acres (39 ha) of open spaces."
that,characterise,souks,"Beirut Souks are the Central District's old medieval market, recently renovated along with the original Hellenistic street grid that characterised the old souks and the area's historical landmarks along long vaulted shopping alleys and arcades.[118]"
Solidere,organise,events,"Solidere, the company responsible for the reconstruction and renovation of the district, organises music and entertainment events all throughout the year like the Beirut Marathon, Fête de la Musique, Beirut Jazz Festival."
Policy,facilitate,inflows,"The Open Door Policy facilitated foreign capital inflows, with French firms dominating investments and four of Beirut's five leading banks being French-owned by the 1920s,[123] after which the city further solidified its status as a key financial link between the West and the decolonising Middle East.[123]
In an area dominated by authoritarian or militarist regimes, the Lebanese capital was generally regarded as a haven of libertarianism, though a precarious one, as the Lebanese Civil War (1975–1990) and subsequent conflicts significantly altered the political landscape.[citation needed]"
firms,dominate,investments,"The Open Door Policy facilitated foreign capital inflows, with French firms dominating investments and four of Beirut's five leading banks being French-owned by the 1920s,[123] after which the city further solidified its status as a key financial link between the West and the decolonising Middle East.[123]
In an area dominated by authoritarian or militarist regimes, the Lebanese capital was generally regarded as a haven of libertarianism, though a precarious one, as the Lebanese Civil War (1975–1990) and subsequent conflicts significantly altered the political landscape.[citation needed]"
city,solidify,status,"The Open Door Policy facilitated foreign capital inflows, with French firms dominating investments and four of Beirut's five leading banks being French-owned by the 1920s,[123] after which the city further solidified its status as a key financial link between the West and the decolonising Middle East.[123]
In an area dominated by authoritarian or militarist regimes, the Lebanese capital was generally regarded as a haven of libertarianism, though a precarious one, as the Lebanese Civil War (1975–1990) and subsequent conflicts significantly altered the political landscape.[citation needed]"
War,alter,landscape.[citation,"The Open Door Policy facilitated foreign capital inflows, with French firms dominating investments and four of Beirut's five leading banks being French-owned by the 1920s,[123] after which the city further solidified its status as a key financial link between the West and the decolonising Middle East.[123]
In an area dominated by authoritarian or militarist regimes, the Lebanese capital was generally regarded as a haven of libertarianism, though a precarious one, as the Lebanese Civil War (1975–1990) and subsequent conflicts significantly altered the political landscape.[citation needed]"
Beirut,become,centre,"With its seaport and airport—coupled with Lebanon's free economic and foreign exchange system, solid gold-backed currency, banking-secrecy law, and favourable interest rates—Beirut became an established banking centre for Arab wealth, much of which was invested in construction, commercial enterprise, and industry (mostly the manufacture of textiles and shoes, food processing, and printing).[124]"
capital,host,Banking,"The capital hosts the headquarters of Banque du Liban (Lebanon's central bank), the Beirut Stock Exchange, the head office of Lebanon's flag-carrier Middle East Airlines, the United Nations Economic and Social Commission for Western Asia, the Union of Arab Banks, and the Union of Arab Stock Exchanges.[126]
Banking and finance
[edit]The banking system is the backbone of the local economy with a balance sheet of $152 billion at the end of 2012, nearing 3.5 times the GDP estimated at $43 billion by the IMF.[127]"
Banks,attract,deposits,"""Banks are still attracting deposits because the interest rates offered are higher than the ones in Europe and the United States"", says Marwan Mikhael, head of research at BLOM Bank.[128"
they,reach,billion,Beirut's foreign reserves were still close to an all-time high when they reached $32.5 billion in 2011 and analysts say that the Central Bank can cover nearly 80 percent of the Lebanese currency in the market.
Bank,cover,percent,Beirut's foreign reserves were still close to an all-time high when they reached $32.5 billion in 2011 and analysts say that the Central Bank can cover nearly 80 percent of the Lebanese currency in the market.
that,promote,role,"This means that the Central Bank can easily cope with any unforeseen crisis in the future thanks to the massive foreign currency reserves.[129]
The Lebanese banking system is endowed with several characteristics that promote the role of Beirut as a regional financial centre, in terms of ensuring protection for foreign capital and earnings."
passing,subject,banks,"The passing of the banking secrecy law on 3 September 1956, subjected all banks established in Lebanon as well as foreign banks' branches to the ""secret of the profession""."
article,offer,exemptions,"Both article 16 of law No. 282 dated 30 December 1993 and article 12 of decree No. 5451 dated 26 August 1994, offer exemptions from income tax on all interest and revenues earned on all types of accounts opened in Lebanese banks."
No,establish,Tourism,"On the first of April 1975, decree No. 29 established a free banking zone by granting the Lebanese government the right to exempt non-residents' deposits and liabilities in foreign currency from: the income tax on interest earned, the required reserves imposed by the Banque Du Liban by virtue of article 76 of the Code of Money and Credit, the premium of deposit guarantee imposed on bank deposits to the profit of the National Deposit Guarantee Institution.[130]
Tourism
[edit]The tourism industry in Beirut has been historically important to the local economy and remains to this day to be a major source of revenue for the city, and Lebanon in general."
visitors,experience,culture,"Before the Lebanese Civil War, Beirut was widely regarded as the ""Paris of the Middle East"",[131] and also ""Switzerland of the Middle East"", often cited as a financial and business hub where visitors could experience the Levantine Mediterranean culture."
countries,place,Lebanon,"However, in recent times, certain countries, such as the United States, have frequently placed Lebanon, and Beirut in particular, on their travel warnings lists due to the many car bombings and orchestrated acts of political violence.[132][133][134]
According to the 2012 tourist statistics, 34% of the tourists in Beirut came from states within the Arab League, 33% came from European countries (mainly France, Germany, and Britain), and 16% from the Americas (about half of which are from the United States).[135]"
District,contain,dozens,"The District contains dozens of restaurants, cafes and pubs, as well as a wide range of shopping stores mainly in Beirut Souks."
that,encircle,seafront,"Another popular tourist destination in Beirut is the Corniche Beirut, a 4.8 km (3 mi) pedestrian promenade that encircles the capital's seafront from the Saint George Bay in the north all the way to Avenue de Paris and Avenue General de Gaulle south of the city."
corniche,reach,height,"The corniche reaches its maximum height above sea level at Raouché, a high-rise residential neighbourhood rising over a giant white limestone cliff and facing the recognisable off-shore Raouché Rocks."
it,become,destination,Because of the blossoming café and bar scene it has become lately a hip destination for Beirut's young and restless but old Beirutis remember that Badaro was already Beirut's version of the Village in the swinging sixties.[citation needed]
magazine,call,Gemmayzeh,"Travel + Leisure magazine called Gemmayzeh ""SoHo by the Sea,"" due to its colourful and chic cafés amid 1950s apartment buildings and hole-in-the-wall shops.[136]"
Gemmayzeh,receive,damage,"However, Gemmayzeh received the most damage by the Beirut explosion in 2020.[137]
Beirut is a destination for tourists from both the Arab world and West.[138]"
Guardian,list,Beirut,"That list was voted upon shortly before the 2006 Lebanon War broke out, but in 2008 The Guardian listed Beirut as one of its top ten cities in the world.[140]"
Times,rank,it,"The New York Times ranked it at number one on its ""44 Places to To"" list for 2009.[141]"
Beirut,have,levels,"2011 MasterCard Index revealed that Beirut had the second-highest visitor spending levels in the Middle East and Africa, totalling $6.5 billion.[142"
visitors,make,bulk,"Although visitors from neighbouring Arab nations make up the bulk of medical tourism patients here due to its proximity, Beirut is strongly trying to woo more Southern Europeans, Asians and North Americans to its land."
Commission,headquarter,Organization,"The United Nations Economic and Social Commission for Western Asia (ESCWA) is headquartered in downtown Beirut,[151][152] The Arab Air Carriers' Organization (AACO),[153] the Union of Arab Banks[154] and the Union of Arab Stock Exchanges[155] and the World youth alliance are also headquartered in the city."
Organization,have,offices,"The International Labour Organization (ILO)[156] and UNESCO (United Nations Educational, Scientific and Cultural Organization)[157] both have regional offices in Beirut covering the Arab world."
Beirut,have,connections,"As a final destination, Lebanon can be reached by road from Damascus via the Beqaa valley in the east.[165]
Beirut has frequent bus connections to other cities in Lebanon and major cities in Syria such as Homs and its capital Damascus."
ministry,purchase,buses,"Buses for northern destinations and Syria leave from Charles Helou Station.[166]
The ministry of transport and public works purchased an extra 250 intra and inter-buses in 2012 to better serve regions outside the capital as well as congestion-choked Beirut, hoping to lessen the use of private cars.[citation needed]
Beirut has also private buses that are provided by the Lebanese Commuting Company."
Beirut,have,buses,"Buses for northern destinations and Syria leave from Charles Helou Station.[166]
The ministry of transport and public works purchased an extra 250 intra and inter-buses in 2012 to better serve regions outside the capital as well as congestion-choked Beirut, hoping to lessen the use of private cars.[citation needed]
Beirut has also private buses that are provided by the Lebanese Commuting Company."
Beirut,introduce,service,"
In 2017, Beirut introduced a bike sharing service in certain areas of the city."
Company,reintroduce,system[167,"In 2024, Ahdab Commuting and Trading Company (ACTC), alongside the Ministry of Transport, reintroduced a proper public bus system[167] with an appropriate network of lanes using the 50 buses donated by France in 2022.[168]"
network,connect,areas,"The network connects most areas of Beirut through 7 major lines (B1-7), as well as connecting Beirut to other major cities like Tripoli and Saida[169] through 4 lines (ML1-4).[170]"
Beirut,host,summits,"Beirut hosted the Francophonie and Arab League summits in 2002, and in 2007 it hosted the ceremony for the Prix Albert Londres,[172][173] which rewards outstanding francophone journalists every year."
it,host,ceremony,"Beirut hosted the Francophonie and Arab League summits in 2002, and in 2007 it hosted the ceremony for the Prix Albert Londres,[172][173] which rewards outstanding francophone journalists every year."
which,reward,journalists,"Beirut hosted the Francophonie and Arab League summits in 2002, and in 2007 it hosted the ceremony for the Prix Albert Londres,[172][173] which rewards outstanding francophone journalists every year."
Monnot,have,reputation,"Rue Monnot has an international reputation among clubbers,[178] and Rue Gouraud in districts such as Gemmayze and Mar Mikhael have emerged as new hotspots for bar patrons and clubbers, as well as ""The Alleyway"" in Hamra Street."
It,have,exhibits,"It has about 1,300 exhibits ranging in date from prehistoric times to the medieval Mamluk period.[179]"
collection,show,set,"The permanent collection shows a set of Japanese engravings, numerous works of Islamic art and classic Italian paintings, while temporary exhibitions are also shown throughout the year."
Museum,exhibit,collection,The Robert Mouawad Private Museum near Beirut's Grand Serail exhibits Henri Pharaon's private collection of archaeology and antiques.[181][182]
University,open,Museum,"The Saint Joseph University opened the Museum of Lebanese Prehistory in 2000, the first prehistory museum in the Arabic Middle East, displaying bones, stone tools and neolithic pottery collected by Jesuits.[184]
In October 2013, Mim Museum, a private mineral museum, opened its doors to the public."
Museum,open,doors,"The Saint Joseph University opened the Museum of Lebanese Prehistory in 2000, the first prehistory museum in the Arabic Middle East, displaying bones, stone tools and neolithic pottery collected by Jesuits.[184]
In October 2013, Mim Museum, a private mineral museum, opened its doors to the public."
It,have,minerals,It has on display some 2000 minerals from more than 70 countries.
Mim,host,exhibition,"Moreover, Mim hosts a thematic exhibition of 200 marine fossils."
Beirut,have,levels,"The 2011 MasterCard Index revealed that Beirut had the second-highest visitor spending levels in the Middle East and Africa, totalling $6.5 billion.[142]"
Traveller,rank,Beirut,"In 2013, Condé Nast Traveller ranked Beirut in the top 20 best cities in the world.[193]"
Yahoo,list,Beirut,"In 2016, Yahoo listed Beirut as the best international city for food.[196]"
Travel,rank,Beirut,"Travel and Leisure ranked Beirut in the top 15 of the world's best cities.[197]
It was voted the must-visit city for the year 2019 by World Tourists.[citation needed]
Due to anti-government protests as of October 2019 followed by dire economic situation and travel bans due to coronavirus outbreak, the tourism sector was badly affected resulting in decrease of number of tourists."
stations,include,Liban,"Television stations that are headquartered in Beirut include state run Télé Liban, in addition to the private networks LBC, ÓTV (Orange TV), MTV Lebanon, Tele Lumiere (Catholic TV), Future TV, New TV, NBN, and ANB among others."
channels,include,TV,"
Other channels that can be seen here include Saudi TV 1 on 33 UHF as well as MBC 1, MBC 4, MBC Action, Al Jazeera, Rotana, OSN First, OSN News, Al Yawm and Arabic Series Channel on 45 UHF."
newspapers,include,Beirut,"
While newspapers that headquartered here include Daily Beirut, An-Nahar, Al Joumhouria, As-Safir, Al Mustaqbal, Al-Akhbar, Al-Balad, Ad-Diyar, Al Anwar, Al Sharq, newspapers and magazines that are published in French and English are also available, and these include L'Orient Le Jour (since 1970), La Revue Du Liban, Al Balad-French Version, Al Intiqad, Magazine L'Hebdo, Le Commerce du Levant, Executive Magazine (weekly), Beirut Online, Beirut Times (weekly) and Monday Morning."
these,include,Jour,"
While newspapers that headquartered here include Daily Beirut, An-Nahar, Al Joumhouria, As-Safir, Al Mustaqbal, Al-Akhbar, Al-Balad, Ad-Diyar, Al Anwar, Al Sharq, newspapers and magazines that are published in French and English are also available, and these include L'Orient Le Jour (since 1970), La Revue Du Liban, Al Balad-French Version, Al Intiqad, Magazine L'Hebdo, Le Commerce du Levant, Executive Magazine (weekly), Beirut Online, Beirut Times (weekly) and Monday Morning."
capital,host,Games,"[edit]The Lebanese capital hosted the Mediterranean Games in 1959, FIBA Asia Champions Cup in 1999, 2000, 2012, the AFC Asian Cup in 2000, and the FIBA Asia Cup in 2010."
Beirut,host,Games,Beirut also hosted the Pan Arab Games in 1957 and 1997.
Beirut,host,Cup,"In 2017, Beirut also hosted the 2017 FIBA Asia Cup."
Beirut,host,Cup.[198][199,"
Beirut, with Sidon and Tripoli, hosted the 2000 AFC Asian Cup.[198][199]"
events,include,Marathon,"Other sports events in Beirut include the annual Beirut Marathon, hip ball, weekly horse racing at the Beirut Hippodrome, and golf and tennis tournaments that take place at Golf Club of Lebanon."
that,take,place,"Other sports events in Beirut include the annual Beirut Marathon, hip ball, weekly horse racing at the Beirut Hippodrome, and golf and tennis tournaments that take place at Golf Club of Lebanon."
labels,have,shops,"Most major fashion labels have shops in Beirut's shopping districts, and the city is home to a number of local fashion designers, some of whom like Elie Saab, Yara Farhat, Reem Acra, Zuhair Murad, Georges Chakra, Georges Hobeika, Jean Faris, Nicolas Jebran, Rabih Kayrouz and Abed Mahfouz have achieved"
that,include,Beirut,"Notable artists that have included Beirut on their concert tours include Shakira, Mariah Carey, Enrique Iglesias, Andrea Bocelli, Pitbull, Engelbert Humperdinck, and Scorpions."
artists,include,Shakira,"Notable artists that have included Beirut on their concert tours include Shakira, Mariah Carey, Enrique Iglesias, Andrea Bocelli, Pitbull, Engelbert Humperdinck, and Scorpions."
novel,take,place,"
In art, literature, and popular culture
[edit]- Tawfiq Yusuf 'Awwad's 1972 novel Death In Beirut (Arabic: طواحين بيروت) takes place in Beirut in the late 1960s."
book,describe,Beirut,"
- Ghada al-Samman's 1977 book Beirut Nightmares (Arabic: كوابيس بيروت) describes Beirut during the civil war in the mid-1970s."
Caramel,tell,story,"
- Caramel, a 2007 film by Nadine Labaki, tells the story of five women who work in a beauty salon in Beirut."
film,portray,Beirut,"
- The 2008 Israeli animated film Waltz with Bashir portrays Beirut during the Israeli invasion in 1982."
Bartlett,paint,view,"
- William Henry Bartlett painted a view of the city with Mount Lebanon in the background in 1838, with a poetical illustration by Letitia Elizabeth Landon, as The Cedars of Lebanon.[203]
- American rock band Beirut is named for the city.[204]"
show,depict,which,"- In the American television series Homeland, the episode ""Beirut Is Back"" (2012) was widely mocked for its portrayal of Beirut's Hamra neighbourhood, which the show depicted as being a Hezbollah stronghold."
city,mint,kinds,"In the 2nd century BC, the city, then known as Laodikeia, minted two main kinds of coins: civic issues in its own name and issues that also acknowledged the reigning Seleucid king."
that,acknowledge,king,"In the 2nd century BC, the city, then known as Laodikeia, minted two main kinds of coins: civic issues in its own name and issues that also acknowledged the reigning Seleucid king."
few,carry,legends,"A few also carry the Phoenician legends LL'DK' 'S BKN 'N or LL'DK' 'M BKN 'N, usually understood to mean ""Laodikeia in Canaan"" or ""Mother Laodikeia in Canaan""."
reverses,name,king,"Their reverses named the king in Greek and the city in Phoenician, along with the letters ΛΑ and the monogram Φ. After c. 123 BC, the Phoenician formulas ""Laodikeia in Canaan"" and ""Mother Laodikeia in Canaan"" are no longer attested.[35"
king,steal,two,"In
- ^ E.g., EA 105, where he complains to the pharaoh that Beirut's king had stolen two of his merchants' ships."
troops,leave,Lebanon,"
- ^ ""2005: Syrian troops leave Lebanon""."
Lebanon,launch,Relations,"
- ^ ""Syria, Lebanon Formally Launch Diplomatic Relations""."
ISIS,claim,Bombings,"^ ""ISIS Claims Deadly Dual Beirut Bombings""."
State,claim,responsibility,"43 killed, 239 wounded in Beirut twin blasts; Islamic State claims responsibility""."
explosion,leave,"300,000","""Beirut explosion left 300,000 homeless, caused up to $15 billion in damage""."
protests,rock,Beirut,"
- ^ ""Lebanese call for an uprising after protests rock Beirut""."
River,choke,suburb,"""Lebanon: River of trash chokes Beirut suburb""."
guide,rat,Glasgow,"""Lonely Planet guide rates Glasgow as one of the world's top 10 cities""."
France,deliver,buses,"- ^ ""France delivers 50 donated buses to Lebanon""."
Ministry,announce,lines,"
- ^ ""Transport Ministry announces public bus lines connecting Beirut to Sour, Tripoli and the Bekaa""."
Portrayal,prompt,Lebanon,"CS1 maint: bot: original URL status unknown (link) - ^ ""'Homeland's' Portrayal of Beirut Prompts Lebanon to Consider Lawsuit""."
Tripoli,overlook,Sea,"Tripoli overlooks the eastern Mediterranean Sea, and it is the northernmost seaport in Lebanon."
Landmarks,include,Mosque,"Landmarks of Tripoli include the Mansouri Great Mosque and the Citadel of Tripoli, which is the largest crusader castle in Lebanon."
city,have,concentration,The city has the second highest concentration of Mamluk architecture after Cairo.
Tripoli,hold,string,"Tripoli also holds a string of four small islands offshore, the Palm Islands, which were declared a protected area because of their status as a haven for endangered loggerhead turtles (Caretta caretta), rare monk seals and migratory birds."
Tripoli,border,city,"Tripoli borders the city of El Mina, the port of the Tripoli District, which it is geographically conjoined with to form the greater Tripoli conurbation."
they,call,it,"When the Ancient Greeks settled in the city they called it Trípolis, meaning 'triple city', influenced by the earlier phonetically similar but etymologically unrelated name Derbly.[12]"
Arabs,call,it,"The Arabs called it Ṭarābulus and Ṭarābulus ash-Shām (referring to bilād ash-Shām, or Levant, to distinguish it from the Libyan city with the same name)."
city,give,History,"
The city of Tripoli is also given the title of ""City of Knowledge and Scholars"" (Arabic: طرابلس مدينة العلم والعلماء, romanized: Ṭarābulus madīnat al-ʿilm wa-l-ʿulamāʾ).[14][15][16][17]
History
[edit]Evidence of settlement in Tripoli dates back as early as 1400 BC."
Phoenicians,establish,station,"There, the Phoenicians established a trading station and later, under Persian rule, the city became the center of a confederation of the Phoenician city-states of Sidon, Tyre, and Arados Island."
city,become,center,"There, the Phoenicians established a trading station and later, under Persian rule, the city became the center of a confederation of the Phoenician city-states of Sidon, Tyre, and Arados Island."
city,enjoy,period,"Under Hellenistic rule, Tripoli was used as a naval shipyard and the city enjoyed a period of autonomy."
earthquake,destroy,city,The 551 Beirut earthquake and tsunami destroyed the Byzantine city of Tripoli along with other Mediterranean coastal cities.
Tripoli,become,center,"During Umayyad rule, Tripoli became a commercial and shipbuilding center."
Crusaders,lay,siege,The Crusaders laid siege to the city at the beginning of the 12th century and were able finally to enter it in 1109.
This,cause,destruction,"This caused extensive destruction, including the burning of Tripoli's famous library, Dar al-'Ilm (House of Knowledge), with its thousands of volumes."
it,retain,prosperity,"During Ottoman rule from 1516 to 1918, it retained its prosperity and commercial importance."
Lebanon,achieve,independence,Tripoli and all of Lebanon was under French mandate from 1920 until 1943 when Lebanon achieved independence.
historians,reject,presence,[edit]Many historians reject the presence of any Phoenician civilization in Tripoli before the 8th (or sometimes 4th) century BC.
gradient,indicate,age,Others argue that the north–south gradient of Phoenician port establishments on the Lebanese coast indicates an earlier age for the Phoenician Tripoli.
Excavations,reveal,remains,"Excavations in El Mina revealed skeletal remains of ancient wolves, eels, and gazelles, part of the ancient southern port quay, grinding mills, different types of columns, wheels, bows, and a necropolis from the end of the Hellenistic period."
sounding,uncover,Age,"A sounding made in the Crusader castle uncovered Late Bronze Age, Iron Age, in addition to Roman, Byzantine, and Fatimid remains."
Tripoli,become,center,"At the Abou Halka area (at the southern entrance of Tripoli) refuges dating to the early (30,000 years old) and middle Stone Age were uncovered.[19]
Tripoli became a financial center and main port of northern Phoenicia with sea trade (East Mediterranean and the West), and caravan trade (North Syria and hinterland)."
Tripoli,gain,right,"
Under the Seleucids, Tripoli gained the right to mint its own coins (112 BC); it was granted autonomy between 104 and 105, which it retained until 64 BC."
it,grant,autonomy,"
Under the Seleucids, Tripoli gained the right to mint its own coins (112 BC); it was granted autonomy between 104 and 105, which it retained until 64 BC."
it,retain,which,"
Under the Seleucids, Tripoli gained the right to mint its own coins (112 BC); it was granted autonomy between 104 and 105, which it retained until 64 BC."
Tripoli,witness,construction,"During the Roman and Byzantine period, Tripoli witnessed the construction of important public buildings including a municipal stadium or gymnasium due to the strategic position of the city midway on the imperial coastal highway leading from Antioch to Ptolemais."
Tripoli,retain,configuration,"In addition, Tripoli retained the same configuration of three distinct and administratively independent quarters (Aradians, Sidonians, and Tyrians)."
community,trace,roots,"The Jewish community of Tripoli traces its roots back to the seventh century, as recounted by the Abbasid-era historian al-Baladhuri."
governor,settle,Jews,"During the caliphate of Rashidun caliph Uthman (644–655), the governor of Syria, Mu'awiya, settled Jews in Tripoli, fostering amicable relations with the majority Sunni Muslims."
synagogue,face,conversion,"However, during the persecution of dhimmis by the Shi'ite Fatimid caliph al-Hakim (996–1021), the synagogue faced conversion into a mosque."
city,become,town,"Notably, during the Seljuk invasion in the 1070s, Tripoli served as a refuge for Jews from Palestine, as documented in Cairo Geniza records.[22]
Crusader period
[edit]During the Crusade period, the city became the chief town of the County of Tripoli (a Crusader state founded by Raymond of Saint-Gilles) extending from Byblos to Latakia and including the plain of Akkar with the famous Krak des Chevaliers."
Tripoli,have,population,"At that time, Tripoli had a heterogeneous population including Western Europeans, Greeks, Armenians, Maronites, Nestorians, Jews, and Muslims."
Tripoli,witness,growth,"During that time, Tripoli witnessed the growth of the inland settlement surrounding the ""Pilgrim's Mountain"" (the Citadel of Tripoli) into a built-up suburb including the main religious monuments of the city such as: The ""Church of the Holy Sepulchre of Pilgrim's Mountain"" (incorporating the Shiite shrine), the Church of Saint Mary of the Tower, and the Carmelite Church."
who,occupy,castle,"The state was a major base of operations for the military order of the Knights Hospitaller, who occupied the famous castle Krak Des Chevaliers (today a UNESCO world heritage site)."
Mamluks,destroy,city,The Mamluks destroyed the old city and built a new city 4 km inland from it.[26]
Mamluks,fortify,city,"The Mamluks did not fortify the city with walls but restored and reused Saint-Gille's citadel.[26]
During the Mamluk period, Tripoli became a central city and provincial capital of the six kingdoms in Mamluk Syria."
Tripoli,become,city,"The Mamluks did not fortify the city with walls but restored and reused Saint-Gille's citadel.[26]
During the Mamluk period, Tripoli became a central city and provincial capital of the six kingdoms in Mamluk Syria."
It,include,Chevaliers).[30,"It also included Hermel, the plain of Akkar, and Hosn al-Akrad (Krak des Chevaliers).[30"
Tripoli,become,port,"Tripoli became a major trading port of Syria supplying Europe with candy, loaf and powdered sugar (especially during the latter part of the 14th century)."
Arabs,form,base,"Arabs formed the population base (religious, industrial, and commercial functions) and the general population included the original inhabitants of the city, immigrants from different parts of the Levant, North Africans who accompanied Qalawun's army during the liberation of Tripoli, Eastern Orthodox Christians, some Western families, and a minority of Jews."
population,include,inhabitants,"Arabs formed the population base (religious, industrial, and commercial functions) and the general population included the original inhabitants of the city, immigrants from different parts of the Levant, North Africans who accompanied Qalawun's army during the liberation of Tripoli, Eastern Orthodox Christians, some Western families, and a minority of Jews."
who,accompany,army,"Arabs formed the population base (religious, industrial, and commercial functions) and the general population included the original inhabitants of the city, immigrants from different parts of the Levant, North Africans who accompanied Qalawun's army during the liberation of Tripoli, Eastern Orthodox Christians, some Western families, and a minority of Jews."
city,have,towers,"The city had seven guard towers on the harbor site to defend the inland city, including what still stands today as the Lion Tower."
buildings,include,mosques,"Major buildings in Mamluk Tripoli included six congregational mosques (the Mansouri Great Mosque, al-Aattar, Taynal, al-Uwaysiyat, al-Burtasi, and al-Tawbat Mosques)."
Khalil,found,mosque,"Sultan al-Ashraf Khalil (r. 1290–93) founded the city's first congregational mosque in memory of his father (Qalawun), in either late 1293 or 1294 (693 AH).[31][32]"
Mamluks,fortify,city,The Mamluks did not fortify the city with walls but restored and reused a Crusader citadel on the site.[26]
Tripoli,include,madrasas,"Mamluk Tripoli also included 16 madrasas of which four no longer exist (al-Zurayqiyat, al-Aattar, al-Rifaiyah, and al-Umariyat)."
Tripoli,include,Khanqah,"Tripoli also included a Khanqah, many secular buildings, five Khans, three hammams (Turkish baths) that are noted for their cupolas."
Tripoli,become,capital,"Ottoman period
[edit]During the Ottoman period, Tripoli became the provincial capital and chief town of the Eyalet of Tripoli, encompassing the coastal territory from Byblos to Tarsus and the inland Syrian towns of Homs and Hama; the two other eyalets were Aleppo Eyalet, and Şam Eyalet."
Tripoli,witness,presence,Tripoli witnessed a strong presence of French merchants during the 17th and 18th centuries and became under intense inter-European competition for trade.
works,include,restoration,"Public works in Ottoman Tripoli included the restoration of the Citadel of Tripoli by Suleiman I, the Magnificent."
Tripoli,witness,development,"Ottoman Tripoli also witnessed the development of the southern entrance of the city and many buildings, such as the al-Muallaq or ""hanging"" Mosque (1559), al-Tahhan Mosque (early 17th century), and al-Tawbah mosque (Mamluk construction, destroyed by 1612 flood and restored during early Ottoman Period)."
It,include,buildings,"It also included several secular buildings, such as Khan al-Saboun (early 17th century) and Hammam al-Jadid (1740)."
French,create,territory,"
[edit]After the partition of the Ottoman Empire, the French created the territory of Greater Lebanon, whose borders forcibly separated Tripoli from Syria, a decision that was contested by Tripolitans.[35]"
borders,separate,Tripoli,"
[edit]After the partition of the Ottoman Empire, the French created the territory of Greater Lebanon, whose borders forcibly separated Tripoli from Syria, a decision that was contested by Tripolitans.[35]"
Tripoli,develop,identity,"Tripoli's population – mostly Sunni Muslims – found itself isolated in this state dominated by Christians, and so Tripoli developed a strong identity as a bastion for Muslim Arab nationalism and anti-imperialism.[35]"
French,cut,support,"During this period, protests demanding reunification with Syria were backed by the Syrian National Bloc until the French cut off their support, resulting in a massive 33 day general strike in 1936.[35]
Independent Lebanon
[edit]Tripoli has been mired in a period of extended economic and political decline during the period since Lebanon gained its independence."
Lebanon,gain,independence,"During this period, protests demanding reunification with Syria were backed by the Syrian National Bloc until the French cut off their support, resulting in a massive 33 day general strike in 1936.[35]
Independent Lebanon
[edit]Tripoli has been mired in a period of extended economic and political decline during the period since Lebanon gained its independence."
rise,deprive,Tripoli,"Beirut's rise as Lebanon's dominant port deprived Tripoli of its former preeminence as a trading hub, and globalization eroded the city's ability to compete in manufacturing.[36]"
globalization,erode,ability,"Beirut's rise as Lebanon's dominant port deprived Tripoli of its former preeminence as a trading hub, and globalization eroded the city's ability to compete in manufacturing.[36]"
war,hit,Tripoli,"Lebanon's civil war, from 1975 to 1990, hit Tripoli hard."
which,control,harbour,"On 15 September 1985 intense fighting broke out between Tawheed al-Islami, a Sunni militia which controlled the harbour and was backed by the PLO, and the Alawite Arab Democratic Party’s militia."
people,leave,homes,"After a week of fighting which saw around 150 killed, 4500 wounded and 200,000 people leaving their homes, the Syrians brokered a truce which involved the Syrian army occupying five key positions and the removal of heavy weapons.[37]"
Syrians,broker,truce,"After a week of fighting which saw around 150 killed, 4500 wounded and 200,000 people leaving their homes, the Syrians brokered a truce which involved the Syrian army occupying five key positions and the removal of heavy weapons.[37]"
army,occupy,positions,"After a week of fighting which saw around 150 killed, 4500 wounded and 200,000 people leaving their homes, the Syrians brokered a truce which involved the Syrian army occupying five key positions and the removal of heavy weapons.[37]"
Tripoli,suffer,some,"As a majority Sunni city with a growing strain of indigenous Islamist militancy, Tripoli suffered some of the Syrians’ cruelest predations at a time when then-President Hafez al-Assad was engaged in the brutal suppression of Syria’s own Muslim Brotherhood.[36]
Wartime violence and instability triggered waves of emigration and capital flight."
violence,trigger,waves,"As a majority Sunni city with a growing strain of indigenous Islamist militancy, Tripoli suffered some of the Syrians’ cruelest predations at a time when then-President Hafez al-Assad was engaged in the brutal suppression of Syria’s own Muslim Brotherhood.[36]
Wartime violence and instability triggered waves of emigration and capital flight."
It,leave,Tripoli,"It also left Tripoli increasingly isolated, not least due to the dismantling of Lebanon's rail network and the abandonment of the Tripoli railway station."
city,see,little,"The city, moreover, saw little of the post-war reconstruction funding that Prime Minister Rafic Hariri ushered into Lebanon, with an overwhelming focus on the capital.[36]"
Hariri,usher,that,"The city, moreover, saw little of the post-war reconstruction funding that Prime Minister Rafic Hariri ushered into Lebanon, with an overwhelming focus on the capital.[36]"
figure,precede,crisis,"That already high figure preceded Lebanon's 2019 financial crisis, which has ratcheted up poverty and food insecurity.[40]
Tripoli's stagnation is attributable, in part, to the city's dysfunctional politics, in which a fragmented array of Sunni political figures (such as Saad Hariri, Najib Mikati, Faisal Karami, and Ashraf Rifi) vie for influence through competing networks of patronage: ""No single leader has been able to assert dominance, leaving city politics to devolve into chaos.""[41"
which,ratchet,poverty,"That already high figure preceded Lebanon's 2019 financial crisis, which has ratcheted up poverty and food insecurity.[40]
Tripoli's stagnation is attributable, in part, to the city's dysfunctional politics, in which a fragmented array of Sunni political figures (such as Saad Hariri, Najib Mikati, Faisal Karami, and Ashraf Rifi) vie for influence through competing networks of patronage: ""No single leader has been able to assert dominance, leaving city politics to devolve into chaos.""[41"
Muslims,make,%,"]
Demographics
[edit]In 2014, Muslims made up 92.21% and Christians made up 7.31% of registered voters in Tripoli."
Christians,make,%,"]
Demographics
[edit]In 2014, Muslims made up 92.21% and Christians made up 7.31% of registered voters in Tripoli."
Tripoli,have,population,"Tripoli has a majority Arab, Sunni Muslim population in neighbourhoods such as Bab al-Tabbaneh, right next to the [3][6] small Lebanese-Alawite community that is concentrated in the Jabal Mohsen neighborhood."
Christians,constitute,percent,Christians constitute today less than 5 percent of the population of the city.[6][43]
population,comprise,Christians,"The Christian population in the city comprises Greek Orthodox Christians, Maronites and Greek Catholics, along with Armenians.[3]
Tripoli stands as one of Lebanon's less stable cities, marked by recurrent sectarian tensions among its communities, notably the Sunni and Alawite populations."
Sunnis,support,opposition,"The impact of the Syrian civil war, beginning in 2011, had extended into Tripoli, where Alawites aligned with the former Assad regime, and Sunnis supported the opposition, resulting in frequent and intense clashes between the two groups."
edit]Tripoli,have,climate,"
Geography
[edit]Climate
[edit]Tripoli has a hot-summer Mediterranean climate (Csa) with mild wet winters and very dry, hot summers."
who,dominate,city,"
Landmarks
[edit]Citadel of Tripoli
[edit]The Citadel of Tripoli is also known as the Castle of Saint-Gilles (Arabic: قلعة سان جيل Qalʻat Sān Jīl; French: Château Saint-Gilles), in reference to Raymond de Saint-Gilles, who dominated the city in 1102 and commanded a fortress to be built in which he named Mont Pèlerin (Mount Pilgrim)."
he,name,Pèlerin,"
Landmarks
[edit]Citadel of Tripoli
[edit]The Citadel of Tripoli is also known as the Castle of Saint-Gilles (Arabic: قلعة سان جيل Qalʻat Sān Jīl; French: Château Saint-Gilles), in reference to Raymond de Saint-Gilles, who dominated the city in 1102 and commanded a fortress to be built in which he named Mont Pèlerin (Mount Pilgrim)."
who,order,restoration,"Later the citadel was rebuilt in part by the Ottoman Empire which can be seen today, with its massive Ottoman gateway, over which is an engraving from Süleyman the Magnificent who had ordered the restoration."
Tower,undergo,renovation,"
The Clock Tower underwent a renovation in 1992, and now the clock tower is again operational."
he,describe,city,"Hammams
[edit]When Tripoli was visited by Ibn Batutah in 1355, he described the newly rebuilt Mamluk city."
Tháhir,retake,it,"It was taken by the Franks, but al-Malik ath-Tháhir (Qala’un) retook it from them, and then laid the place in ruins and built the present town."
site,contain,buildings,"The site contains 15 partly-completed Niemeyer buildings within an approximate 75.6 ha (187-acre) area near Tripoli's southern entrance.[47]
""More recent years have seen the fairground undermined by a mixture of periodic instability and nonsensical administrative procedures that make it virtually impossible to put the facility to use."
city,need,metaphors,"If the city needed any more physical metaphors for decay, the fairground is flanked by a Quality Inn that is literally falling apart, and whose ownership is years overdue on payment to the site’s administrators."
churches,show,Mosques,"These churches also show the diversity of Christians in Lebanon and particularly in Tripoli:
- Saint Michael Cathedral of the Maronite Catholic Archeparchy
- St. Elie Greek Orthodox Church
- St. Ephrem Syriac Orthodox Church
- St Francis Roman Catholic Church
- St. Georges Melkite Greek Catholic Cathedral
- Saint Hokekalousd Armenian Orthodox Church
- St. John of the Pilgrims Mount church Maronite Catholic Church
- Our Lady of the Annunciation Melkite Greek Catholic Cathedral
- Then National Evangelical Church
Mosques
[edit]Tripoli is richly supplied with mosques,"
neighborhoods,become,Commerce,"The city grapples with elevated unemployment rates, and certain impoverished neighborhoods have become strongholds for Islamist and other radical factions.[3]
Commerce
[edit]Tripoli, while once economically comparable to Beirut, has declined in recent decades.[6]"
that,have,"300,000","The Tripoli Special Economic Zone (TSEZ) was established in 2008 to provide exemptions from many taxes and duties for investment projects that have more than $300,000 of capital and more than half their workers from Lebanon.[51]"
Vision,sponsor,Inequality,"The Tripoli Vision 2020 was sponsored by the Prime Minister Saad Hariri Office and the Tripoli MPs Joint Office with the comprehensive study conducted by Samir Chreim of SCAS Inc.[53]
Inequality
[edit]Tripoli embodies Lebanon's extreme wealth inequality: Although it is one of the country's most concentrated centers of poverty, it is also the hometown of several extravagantly wealthy politicians, notably including Najib Mikati, Taha Mikati and Mohammad Safadi who are accused of accumulating their wealth by embezzling government funds.[54]
Khan el-Khayyatin–the Tailors' Khan
[edit]Unlike other khans built around a square courtyard, el-Khayyatin, built in the 14th century, is a 60 meter long passage with arches on each side.[55]
The Soap Khan
[edit]The khan, built around a square courtyard decorated with a fountain, houses soap making workshops and shops."
edit]Tripoli,embody,inequality,"The Tripoli Vision 2020 was sponsored by the Prime Minister Saad Hariri Office and the Tripoli MPs Joint Office with the comprehensive study conducted by Samir Chreim of SCAS Inc.[53]
Inequality
[edit]Tripoli embodies Lebanon's extreme wealth inequality: Although it is one of the country's most concentrated centers of poverty, it is also the hometown of several extravagantly wealthy politicians, notably including Najib Mikati, Taha Mikati and Mohammad Safadi who are accused of accumulating their wealth by embezzling government funds.[54]
Khan el-Khayyatin–the Tailors' Khan
[edit]Unlike other khans built around a square courtyard, el-Khayyatin, built in the 14th century, is a 60 meter long passage with arches on each side.[55]
The Soap Khan
[edit]The khan, built around a square courtyard decorated with a fountain, houses soap making workshops and shops."
khan,house,workshops,"The Tripoli Vision 2020 was sponsored by the Prime Minister Saad Hariri Office and the Tripoli MPs Joint Office with the comprehensive study conducted by Samir Chreim of SCAS Inc.[53]
Inequality
[edit]Tripoli embodies Lebanon's extreme wealth inequality: Although it is one of the country's most concentrated centers of poverty, it is also the hometown of several extravagantly wealthy politicians, notably including Najib Mikati, Taha Mikati and Mohammad Safadi who are accused of accumulating their wealth by embezzling government funds.[54]
Khan el-Khayyatin–the Tailors' Khan
[edit]Unlike other khans built around a square courtyard, el-Khayyatin, built in the 14th century, is a 60 meter long passage with arches on each side.[55]
The Soap Khan
[edit]The khan, built around a square courtyard decorated with a fountain, houses soap making workshops and shops."
governor,establish,Saboun,"At the end of the 15th century, the governor of Tripoli Yusuf Sayfa Pasha established Khan Al Saboun (the hotel of soap traders)."
UN,visit,place,"""Portrait of poverty in Lebanon as UN visits poorest place on Med""."
city,highlight,inequality,"""Billionaires and bankrupts: Lebanon's second city highlights inequality""."
that,connect,city,"Many historians believe that Jezzine served as a storing location for traders because of its strategic location on the caravan route that connected the ancient port city of Sidon to the Chouf, the Beqaa Valley, and to Syria.[2]"
Julián,establish,store,"After moving to Mexico City, Julián established a dry goods store—La Estrella de Oriente (The Star of the Orient)."
One,inherit,talent,"One of his sons,Carlos Slim Helú, born on 28 January 1940 in Mexico City, inherited his father's business talent and ultimately became the richest man in the world in 2007.[3]"
Jezzine,become,part,", Jezzine became part of the Israeli ‘security zone’."
Mehaidli,blow,herself,On 9 April 1985 Sana'a Mehaidli—a member of the Syrian Social Nationalist Party—blew herself up next to an Israeli convoy in Jezzine killing 2 Israeli soldiers and inuring ten more.[4]
patrol,kill,men.[8,"The following day, an IDF patrol in the area killed three more Hezbollah men.[8]"
unit,control,villages,The Israeli backed unit controlled five neighboring villages.
Hezbollah,launch,campaign,"In the spring of 1997, Hezbollah launched a five-month campaign attempting to cut off the SLA in Jezzine from the IDF and the other SLA forces further south."
IDF,detain,number,"In the aftermath, the IDF detained a number of youths in the town, and SLA commander-in-chief Antoine Lahad visited and made threats of “unspecified violence” if attacks continued."
head,visit,town,"The following month, 17 July, the Israeli head of Northern Command—Major General Amiram Levin—visited the town in an attempt to bolster SLA morale."
bomb,kill,children,"On 18 August, a roadside bomb killed two teenage children of a local SLA commander who had been previously killed four years earlier."
which,kill,civilians,The SLA responded with indiscriminate shelling of Sidon which killed seven civilians and wounded thirty-five.
members,commandeer,houses,"Retreating SLA members and their families commandeered empty houses in Marjayun, Ibl al-Saqi and Kawkaba in the Indian UNIFIL zone."
SLA,have,men.[11,"At the time, it was estimated that the SLA had only four hundred men.[11]"
Christians,make,%,"
Demographics
[edit]In 2014, Christians made up 99.11% of registered voters in Jezzine."
Jezzine,play,films,"Theatres
Empire Jezzine, the local movie theatre, played Hollywood and Lebanese films."
who,produce,cutlery,The first family who produced this cutlery is the el Haddad family and started the company in 1770.
families,build,businesses,"The Aziz and Slim families have built sizeable businesses in Mexico, as well as the Karam and Wehbe families in West Africa."
It,include,icon,"The churches in Jezzine are:
- Saydet el-Yanbou' Church (built in 1796): It includes a valuable icon of the Virgin and her Baby, Jesus (painted by the Italian artist ""Piarotti"")."
it,have,chapel,"
- St. Anthony Church (built in the 19th century): it has a central chapel beside which there are two other chapels."
architecture,have,columns,"
- St. Joseph Church (built in 1860): its architecture and vaults have no central columns, and is divided into two parts: The first (for men) is higher than the other part (for women).
"
Wines,own,Landmarks,"Karam Wines, Southern Lebanon's only winery, owns land in the area where they primarily grow Syrah and Cabernet Sauvignon.[18]
Landmarks
[edit]- Jezzine's Waterfalls, some as high as 90 m (295 ft)
- Our Lady of the Waterfall, a Marian shrine
- The 400-year-old Kanaan Family Palace
- The Farid Serhal Palace
- The Chir cliff has views of the forested mountains and one of Jezzine's waterfalls that drops 90 m over the cliff.[17]
- The Grotto of Fakhreddin II
Notable people
[edit]- Joseph Azar (singer)
- Raymond Azar, the head of the Lebanese military intelligence.
- Jean Aziz (1917), Minister of Labour and Social Affairs (1961), Minister of Media and Planning (1968), Minister of Communication and Public Works."
they,grow,Syrah,"Karam Wines, Southern Lebanon's only winery, owns land in the area where they primarily grow Syrah and Cabernet Sauvignon.[18]
Landmarks
[edit]- Jezzine's Waterfalls, some as high as 90 m (295 ft)
- Our Lady of the Waterfall, a Marian shrine
- The 400-year-old Kanaan Family Palace
- The Farid Serhal Palace
- The Chir cliff has views of the forested mountains and one of Jezzine's waterfalls that drops 90 m over the cliff.[17]
- The Grotto of Fakhreddin II
Notable people
[edit]- Joseph Azar (singer)
- Raymond Azar, the head of the Lebanese military intelligence.
- Jean Aziz (1917), Minister of Labour and Social Affairs (1961), Minister of Media and Planning (1968), Minister of Communication and Public Works."
cliff,have,people,"Karam Wines, Southern Lebanon's only winery, owns land in the area where they primarily grow Syrah and Cabernet Sauvignon.[18]
Landmarks
[edit]- Jezzine's Waterfalls, some as high as 90 m (295 ft)
- Our Lady of the Waterfall, a Marian shrine
- The 400-year-old Kanaan Family Palace
- The Farid Serhal Palace
- The Chir cliff has views of the forested mountains and one of Jezzine's waterfalls that drops 90 m over the cliff.[17]
- The Grotto of Fakhreddin II
Notable people
[edit]- Joseph Azar (singer)
- Raymond Azar, the head of the Lebanese military intelligence.
- Jean Aziz (1917), Minister of Labour and Social Affairs (1961), Minister of Media and Planning (1968), Minister of Communication and Public Works."
influx,alarm,Christians,"""Lebanon's refugee influx alarms Christians""."
France,enjoy,relations,"France and Lebanon enjoy friendly relations, and France has often provided support to the Lebanese.[1][2]"
France,provide,support,"France and Lebanon enjoy friendly relations, and France has often provided support to the Lebanese.[1][2]"
Lebanon,become,part,"
[edit]At the end of the 11th century, Lebanon became a part of the Frankish Crusader states, the north being incorporated into the County of Tripoli, the south into the Kingdom of Jerusalem."
isolation,preclude,contact,"The Maronite Church, whose isolation had previously precluded contact with Rome, affirmed papal supremacy while keeping its own patriarch and liturgy.[3]
Despite the strong fortresses of the Crusaders, such as the Citadel of Tripoli, Beaufort Castle, Mseilha Fort, or the Sidon Sea Castle, a Muslim reconquest of Lebanon began, under the leadership of Egypt, with the fall of Beirut to the sultan Saladin in 1187."
Church,affirm,supremacy,"The Maronite Church, whose isolation had previously precluded contact with Rome, affirmed papal supremacy while keeping its own patriarch and liturgy.[3]
Despite the strong fortresses of the Crusaders, such as the Citadel of Tripoli, Beaufort Castle, Mseilha Fort, or the Sidon Sea Castle, a Muslim reconquest of Lebanon began, under the leadership of Egypt, with the fall of Beirut to the sultan Saladin in 1187."
Lebanon,become,part,"Lebanon became part of the Mamluk state of Egypt and Syria in the 1280s and ’90s and was divided between several provinces.[3]
In 1649, thanks to the successful mission of Archbishop Ishaq al-Shidrawi to the French court, the Maronites in Lebanon were placed under French protection and a French vice consulate established in Beirut.[4]"
ambassador,remind,government,"When in 1700 Maronite patriarch appealed to the French government to intervene on behalf of the Maronites of Lebanon, the ambassador to the Sublime Porte reminded the Ottoman government of France's protection and the Maronite patriarchs gained some independence from the Ottoman sultan.[5]"
patriarchs,gain,independence,"When in 1700 Maronite patriarch appealed to the French government to intervene on behalf of the Maronites of Lebanon, the ambassador to the Sublime Porte reminded the Ottoman government of France's protection and the Maronite patriarchs gained some independence from the Ottoman sultan.[5]"
troops,aid,forces,"In 1860, with Lebanon still under Ottoman rule, France intervened militarily in the civil conflict between Christians and Druze in Mount Lebanon, after Ottoman troops had been aiding local Druze and Muslim forces by either direct support or by disarming Christian forces."
which,become,University,"
The Mutasarrifate era, coinciding with the Nahda period, was characterized by the spread of Lebanese national consciousness, science and culture among the Lebanese, for many reasons, including: the spread of missions and schools in numerous villages, towns and cities, and the opening of two large universities that are still among the oldest and most prestigious universities in the Middle East: the Syrian Evangelical College, which became the American University of Beirut, and Saint Joseph University."
Lebanon,become,part,"Lebanon officially became part of the French empire, as part of the French Mandate for Syria and Lebanon, and was administered from Beirut."
who,enter,territory,"In August of that same year, General De Gaulle returned to Lebanon to meet with the occupying British forces who had entered the territory to prevent German advances into the Levant.[10]"
France,distribute,seats,"In March 1943, using the 1932 census, France distributed seats in the Lebanese parliament on a ratio of six-to-five in favor of Christians."
France,deny,independence,"In January 1944, France agreed to transfer power to the Lebanese government, thus granting the territory independence.[8]
However France at first denied Lebanon's independence and arrested Lebanese Political Leaders including the Lebanese President who were in opposition of the French mandate however under Lebanese and international pressure France released them."
France,release,them,"In January 1944, France agreed to transfer power to the Lebanese government, thus granting the territory independence.[8]
However France at first denied Lebanon's independence and arrested Lebanese Political Leaders including the Lebanese President who were in opposition of the French mandate however under Lebanese and international pressure France released them."
France,lose,soldiers,"During that same period, France lost more than 89 soldiers out of which 58 French Paratroopers were killed in the 1983 Beirut barracks bombings.[12]
Post civil war
[edit]After 1990, France continued to give Lebanon a modest military assistance."
Syria,withdraw,troops,"After the Cedar Revolution in 2005, Syria withdrew its troops from the country.[8]"
officials,approve,framework,"In April 2009, French and Lebanese officials approved the framework of a security agreement that besides improving bilateral relations include drugs and arms trafficking, illegal immigration and cyber-crime."
that,include,trafficking,"In April 2009, French and Lebanese officials approved the framework of a security agreement that besides improving bilateral relations include drugs and arms trafficking, illegal immigration and cyber-crime."
he,hold,citizenship,"Later that month, with the intervention by French President Emmanuel Macron, Hariri was allowed to leave Saudi Arabia (where he also holds citizenship) and travelled to Paris."
Hariri,rescind,resignation,"On 5 December 2017, Hariri rescinded his resignation and stated:
All (the government’s) political components decided to dissociate themselves from all conflicts, disputes, wars or the internal affairs of brother Arab countries, in order to preserve Lebanon’s economic and political relations.[16]"
Macron,visit,Migration,"Later on, President Macron visited Lebanon following the 2020 Beirut explosion.[17]
Migration
[edit]Since the French Mandate of Lebanon, several thousands Lebanese immigrated to France."
Christians,leave,Lebanon,Christians which were once a majority in Lebanon have left Lebanon especially during the Lebanese civil war.[18]
Many,leave,Lebanon,"Many left Lebanon due to religious tension in the country, and due to the civil wars, Iranian influence in Lebanon through Hezbollah and its wars with Israel as well as invasion from Israel into the country.[20][21][22]"
trade,total,934,"[edit]In 2016, trade between France and Lebanon totaled €934 million.[24]"
investment,total,million.[13,"In 2015, French direct investment in Lebanon totaled €534 million.[13]"
France,have,embassy,"Nearly a hundred French companies operate in Lebanon in various sectors such as in the agricultural, telecommunications, retail, petroleum industry and financial services.[13]
Resident diplomatic missions
[edit]- France has an embassy in Beirut.[25]
- Lebanon has an embassy in Paris and a consulate-general in Marseille.[26]
See also
[edit]- French mandate of Lebanon
- French language in Lebanon
- French people in Lebanon
-"
Lebanon,have,language,"Nearly a hundred French companies operate in Lebanon in various sectors such as in the agricultural, telecommunications, retail, petroleum industry and financial services.[13]
Resident diplomatic missions
[edit]- France has an embassy in Beirut.[25]
- Lebanon has an embassy in Paris and a consulate-general in Marseille.[26]
See also
[edit]- French mandate of Lebanon
- French language in Lebanon
- French people in Lebanon
-"
France,take,role,"
- List of Ambassadors of France to Lebanon
- Lycée Franco-Libanais Habbouche-Nabatieh
References
[edit]- ^ France takes lead role on Lebanon - BBC News
- ^ French nearly fired at Israelis - BBC News
-"
Hariri,rescind,resignation,"
- ^ a b ""Lebanon's Hariri rescinds resignation, drawing line under crisis""."
commerce,bring,them,"In fact, the discovery of bronze is itself a testament to the historical evolution of civilization: since copper and tin – the minerals needed to make bronze – are rarely found in the same location, international commerce brought them together, for example, via trade routes between Phoenicia and the British Isles."
I,purchase,piece,"For example, selenite gemstone, which I purchased a small piece of in the gift shop for only $6, in its mineral form, gypsum, is used as plaster for casts and drywall, while, perhaps more interestingly, ourinite from the Congo (containing uranium) was used for the Manhattan Project that tested the world’s first atomic weapons."
that,test,weapons,"For example, selenite gemstone, which I purchased a small piece of in the gift shop for only $6, in its mineral form, gypsum, is used as plaster for casts and drywall, while, perhaps more interestingly, ourinite from the Congo (containing uranium) was used for the Manhattan Project that tested the world’s first atomic weapons."
section,demonstrate,complexity,"This section of the MIM website – written by Salim Edde himself – demonstrates the molecular complexity of these crystals, using a single grain of salt as an example:
“…it is a cube consisting of a perfect alignment of 1,770,000 sodium atoms separated by as many atoms of chlorine in identical fashion in all three directions."
